<?xml version="1.0" encoding="UTF-8"?>
<project-private xmlns="http://www.netbeans.org/ns/project-private/1">
    <editor-bookmarks xmlns="http://www.netbeans.org/ns/editor-bookmarks/2" lastBookmarkId="0"/>
    <open-files xmlns="http://www.netbeans.org/ns/projectui-open-files/2">
        <group>
            <file>file:/Users/radhikayusuf/NetBeansProjects/E-ntry/src/com/app/entry/view/ManageAntrianView.java</file>
            <file>file:/Users/radhikayusuf/NetBeansProjects/E-ntry/src/com/app/entry/view/PhotographerLoginView.java</file>
            <file>file:/Users/radhikayusuf/NetBeansProjects/E-ntry/src/com/app/entry/model/AddTransactionModel.java</file>
            <file>file:/Users/radhikayusuf/NetBeansProjects/E-ntry/src/com/app/entry/model/AntrianModel.java</file>
            <file>file:/Users/radhikayusuf/NetBeansProjects/E-ntry/src/com/app/entry/controller/KasirLoginController.java</file>
            <file>file:/Users/radhikayusuf/NetBeansProjects/E-ntry/src/com/app/entry/utils/database/ConnectionBuilder.java</file>
            <file>file:/Users/radhikayusuf/NetBeansProjects/E-ntry/src/com/app/entry/EntryApplication.java</file>
            <file>file:/Users/radhikayusuf/NetBeansProjects/E-ntry/src/com/app/entry/view/MainView.java</file>
            <file>file:/Users/radhikayusuf/NetBeansProjects/E-ntry/src/com/app/entry/view/AddTransactionView.java</file>
            <file>file:/Users/radhikayusuf/NetBeansProjects/E-ntry/src/com/app/entry/view/TransactionView.java</file>
            <file>file:/Users/radhikayusuf/NetBeansProjects/E-ntry/src/com/app/entry/view/KasirLoginView.java</file>
            <file>file:/Users/radhikayusuf/NetBeansProjects/E-ntry/src/com/app/entry/controller/AddTransactionController.java</file>
            <file>file:/Users/radhikayusuf/NetBeansProjects/E-ntry/src/com/app/entry/model/TransactionModel.java</file>
            <file>file:/Users/radhikayusuf/NetBeansProjects/E-ntry/src/com/app/entry/utils/base/BaseModel.java</file>
            <file>file:/Users/radhikayusuf/NetBeansProjects/E-ntry/src/com/app/entry/model/KasirLoginModel.java</file>
            <file>file:/Users/radhikayusuf/NetBeansProjects/E-ntry/src/com/app/entry/controller/PhotographerLoginController.java</file>
        </group>
    </open-files>
</project-private>
